activity,timestamp
WeightTraining,2025-01-27T22:20:23Z
Yoga,2025-01-29T03:36:08Z
Pilates,2025-01-29T03:44:50Z
Yoga,2025-01-31T00:10:42Z
Run,2025-01-31T00:53:48Z
Swim,2025-01-31T18:28:58Z
Run,2025-01-31T22:50:40Z
WeightTraining,2025-01-31T22:57:50Z
Yoga,2025-02-01T03:37:16Z
Pilates,2025-02-01T03:46:56Z
Ride,2025-02-01T14:12:17Z
WeightTraining,2025-02-03T00:04:19Z
Run,2025-02-03T22:15:03Z
Swim,2025-02-05T02:16:34Z
WeightTraining,2025-02-05T03:33:35Z
Pilates,2025-02-05T03:49:28Z
Yoga,2025-02-06T20:43:32Z
Run,2025-02-06T21:04:12Z
WeightTraining,2025-02-06T21:13:49Z
Swim,2025-02-07T18:22:19Z
Run,2025-02-08T00:01:31Z
WeightTraining,2025-02-08T00:11:49Z
Yoga,2025-02-08T03:45:48Z
Pilates,2025-02-08T03:55:39Z
Yoga,2025-02-09T17:30:29Z
Ride,2025-02-09T17:53:07Z
Run,2025-02-10T21:55:19Z
WeightTraining,2025-02-10T22:14:37Z
Yoga,2025-02-11T01:21:43Z
Swim,2025-02-12T02:15:51Z
WeightTraining,2025-02-12T03:33:04Z
Pilates,2025-02-12T03:59:01Z
Run,2025-02-12T22:36:11Z
Swim,2025-02-15T18:17:57Z
Yoga,2025-02-16T03:33:36Z
Pilates,2025-02-16T03:44:25Z
Ride,2025-02-16T15:42:39Z
Yoga,2025-02-17T01:33:05Z
WeightTraining,2025-02-17T01:50:36Z
Run,2025-02-17T02:10:56Z
Swim,2025-02-18T18:07:48Z
Run,2025-02-18T21:30:28Z
WeightTraining,2025-02-18T21:37:31Z
Yoga,2025-02-18T22:13:03Z
Pilates,2025-02-18T22:28:31Z
Ride,2025-02-19T20:06:59Z
Run,2025-02-21T21:09:19Z
WeightTraining,2025-02-21T21:17:54Z
Swim,2025-02-22T17:23:45Z
Yoga,2025-02-23T19:03:14Z
Run,2025-02-23T19:23:17Z
WeightTraining,2025-02-23T19:35:14Z
Pilates,2025-02-23T19:50:00Z
Yoga,2025-02-24T03:50:46Z
Ride,2025-02-24T20:16:13Z
Swim,2025-02-26T18:24:38Z
Run,2025-02-26T22:36:20Z
WeightTraining,2025-02-26T22:44:12Z
Yoga,2025-02-28T22:03:34Z
Swim,2025-02-28T22:41:08Z
Run,2025-03-01T03:33:47Z
WeightTraining,2025-03-01T03:41:09Z
Pilates,2025-03-01T03:50:53Z
Ride,2025-03-01T17:15:27Z
Yoga,2025-03-02T19:05:09Z
Run,2025-03-02T19:32:51Z
Pilates,2025-03-02T19:38:54Z
WeightTraining,2025-03-02T19:47:19Z
Yoga,2025-03-03T03:51:37Z
Run,2025-03-04T18:06:40Z
WeightTraining,2025-03-04T18:27:00Z
Swim,2025-03-05T18:27:16Z
Run,2025-03-05T23:53:26Z
WeightTraining,2025-03-06T00:00:42Z
Pilates,2025-03-06T00:15:10Z
Yoga,2025-03-06T21:59:47Z
Ride,2025-03-08T17:06:56Z
Yoga,2025-03-09T20:38:47Z
Run,2025-03-09T20:53:57Z
Swim,2025-03-09T21:16:14Z
WeightTraining,2025-03-09T22:14:25Z
Yoga,2025-03-10T02:31:51Z
Pilates,2025-03-10T02:43:46Z
Run,2025-03-11T21:25:51Z
WeightTraining,2025-03-11T21:33:01Z
Yoga,2025-03-12T20:46:27Z
Swim,2025-03-12T21:23:58Z
Run,2025-03-12T22:21:53Z
WeightTraining,2025-03-12T22:29:32Z
Pilates,2025-03-12T22:58:38Z
Ride,2025-03-15T16:22:34Z
Yoga,2025-03-16T20:12:41Z
Run,2025-03-16T20:45:08Z
Swim,2025-03-16T21:10:41Z
WeightTraining,2025-03-16T21:55:32Z
Yoga,2025-03-17T02:24:30Z
Pilates,2025-03-17T02:44:06Z
Run,2025-03-17T21:25:11Z
WeightTraining,2025-03-17T21:33:32Z
Yoga,2025-03-20T20:26:47Z
Swim,2025-03-20T21:30:13Z
Yoga,2025-03-21T15:41:45Z
Swim,2025-03-21T16:36:19Z
Run,2025-03-21T20:17:10Z
WeightTraining,2025-03-21T20:26:12Z
Pilates,2025-03-21T20:39:23Z
Run,2025-03-22T23:54:12Z
WeightTraining,2025-03-23T00:01:21Z
Ride,2025-03-23T16:03:35Z
Yoga,2025-03-24T02:28:54Z
Pilates,2025-03-24T02:41:10Z
Yoga,2025-03-25T16:20:41Z
Swim,2025-03-25T17:33:45Z
Run,2025-03-26T16:05:31Z
Run,2025-03-27T21:55:07Z
WeightTraining,2025-03-27T22:01:30Z
Ride,2025-03-28T00:07:34Z
Swim,2025-04-07T15:26:17Z
Ride,2025-04-14T21:11:25Z
Yoga,2025-04-15T16:13:13Z
Swim,2025-04-15T17:23:49Z
Run,2025-04-15T21:53:48Z
WeightTraining,2025-04-15T21:59:39Z
Run,2025-04-16T13:23:05Z
WeightTraining,2025-04-16T13:37:10Z
Pilates,2025-04-16T20:39:54Z
Yoga,2025-04-18T21:36:12Z
Swim,2025-04-18T22:29:41Z
Swim,2025-04-21T17:23:29Z
Yoga,2025-04-21T23:13:08Z
Pilates,2025-04-21T23:30:57Z
Run,2025-04-22T13:25:05Z
WeightTraining,2025-04-22T13:40:22Z
Ride,2025-04-22T20:44:20Z
Run,2025-04-23T22:13:17Z
WeightTraining,2025-04-23T22:19:36Z
Swim,2025-04-25T13:22:36Z
Yoga,2025-04-25T21:41:56Z
Pilates,2025-04-25T22:38:55Z
Ride,2025-04-27T16:11:09Z
Swim,2025-04-28T13:15:46Z
Yoga,2025-04-28T21:30:57Z
Pilates,2025-04-28T22:17:16Z
Run,2025-04-29T13:24:18Z
WeightTraining,2025-04-29T13:31:42Z
Run,2025-04-30T17:40:06Z
WeightTraining,2025-04-30T18:04:11Z
Ride,2025-05-02T00:00:05Z
Yoga,2025-05-02T14:25:17Z
Swim,2025-05-02T17:17:30Z
Swim,2025-05-05T17:19:41Z
Run,2025-05-06T13:08:15Z
WeightTraining,2025-05-06T13:34:49Z
Yoga,2025-05-06T17:40:41Z
Pilates,2025-05-06T18:12:40Z
Run,2025-05-07T17:44:19Z
WeightTraining,2025-05-07T18:09:52Z
Ride,2025-05-09T00:22:16Z
Ride,2025-05-11T00:06:04Z
Swim,2025-05-12T17:14:42Z
Yoga,2025-05-13T02:35:50Z
Pilates,2025-05-13T02:48:53Z
Run,2025-05-13T17:23:17Z
WeightTraining,2025-05-13T17:30:19Z
Run,2025-05-14T17:42:41Z
WeightTraining,2025-05-14T17:52:42Z
Yoga,2025-05-16T21:23:38Z
Swim,2025-05-16T22:32:30Z
Ride,2025-05-17T19:48:03Z
Run,2025-05-20T17:50:46Z
Run,2025-05-21T17:52:30Z
WeightTraining,2025-05-21T18:00:02Z
Ride,2025-05-23T00:09:50Z
Yoga,2025-05-24T18:18:01Z
Pilates,2025-05-24T18:34:20Z
Ride,2025-05-25T15:53:23Z
Yoga,2025-05-27T19:00:15Z
Run,2025-05-27T19:55:28Z
WeightTraining,2025-05-27T20:08:22Z
WeightTraining,2025-05-29T13:27:15Z
Ride,2025-06-01T13:24:57Z
Swim,2025-06-03T17:21:20Z
WeightTraining,2025-06-04T17:29:13Z
Ride,2025-06-06T00:03:58Z
Yoga,2025-06-06T16:47:25Z
Swim,2025-06-06T17:21:43Z
Pilates,2025-06-06T21:10:12Z
Ride,2025-06-08T19:32:27Z
Yoga,2025-06-09T21:35:03Z
Swim,2025-06-09T22:22:41Z
Pilates,2025-06-10T02:09:57Z
Run,2025-06-10T13:24:00Z
WeightTraining,2025-06-10T17:51:27Z
WeightTraining,2025-06-11T17:34:35Z
Chess,2025-06-12T19:05:25.775793+00:00
